stock_code,attention_score,institutional_count,active_institutions,total_activities,recent_activities,activity_trend,coordination_score,dominant_pattern,data_quality
000001,61.883481013045234,38,24,59,30,0.0,57.89473684210526,opportunistic,0.7973684210526317
000002,65.29702803474528,44,17,79,19,-0.3666666666666667,79.54545454545455,opportunistic,0.7977272727272724
600000,66.95836389618007,35,22,65,27,-0.09999999999999998,88.57142857142857,opportunistic,0.7971428571428572
600036,65.78054554641041,56,25,83,29,-0.033333333333333326,96.42857142857143,opportunistic,0.8142857142857142
000858,69.15888855286745,41,23,77,26,-0.1333333333333333,100.0,opportunistic,0.7999999999999999
